[{"name":"1/1","value":"12807"},{"name":"1/10","value":"13529"},{"name":"1/11","value":"14542"},{"name":"1/12","value":"14574"},{"name":"1/13","value":"14589"},{"name":"1/14","value":"14561"},{"name":"1/15","value":"14655"},{"name":"1/16","value":"13185"},{"name":"1/17","value":"13618"},{"name":"1/18","value":"14366"},{"name":"1/19","value":"14493"},{"name":"1/2","value":"13336"},{"name":"1/20","value":"14421"},{"name":"1/21","value":"14443"},{"name":"1/22","value":"14688"},{"name":"1/23","value":"13154"},{"name":"1/24","value":"13959"},{"name":"1/25","value":"14610"},{"name":"1/26","value":"14506"},{"name":"1/27","value":"14602"},{"name":"1/28","value":"14541"},{"name":"1/29","value":"14698"},{"name":"1/3","value":"14049"},{"name":"1/30","value":"13282"},{"name":"1/31","value":"13875"},{"name":"1/4","value":"14352"},{"name":"1/5","value":"14136"},{"name":"1/6","value":"14113"},{"name":"1/7","value":"14358"},{"name":"1/8","value":"14152"},{"name":"1/9","value":"12756"},{"name":"10/1","value":"13167"},{"name":"10/10","value":"14660"},{"name":"10/11","value":"14622"},{"name":"10/12","value":"14644"},{"name":"10/13","value":"14599"},{"name":"10/14","value":"14617"},{"name":"10/15","value":"13195"},{"name":"10/16","value":"13833"},{"name":"10/17","value":"14557"},{"name":"10/18","value":"14554"},{"name":"10/19","value":"14623"},{"name":"10/2","value":"13778"},{"name":"10/20","value":"14590"},{"name":"10/21","value":"14465"},{"name":"10/22","value":"13248"},{"name":"10/23","value":"13822"},{"name":"10/24","value":"14576"},{"name":"10/25","value":"14636"},{"name":"10/26","value":"14617"},{"name":"10/27","value":"14560"},{"name":"10/28","value":"14487"},{"name":"10/29","value":"13218"},{"name":"10/3","value":"14603"},{"name":"10/30","value":"13824"},{"name":"10/31","value":"14692"},{"name":"10/4","value":"14600"},{"name":"10/5","value":"14543"},{"name":"10/6","value":"14675"},{"name":"10/7","value":"14643"},{"name":"10/8","value":"13245"},{"name":"10/9","value":"13777"},{"name":"11/1","value":"14533"},{"name":"11/10","value":"14453"},{"name":"11/11","value":"14536"},{"name":"11/12","value":"13171"},{"name":"11/13","value":"13740"},{"name":"11/14","value":"14682"},{"name":"11/15","value":"14632"},{"name":"11/16","value":"14559"},{"name":"11/17","value":"14538"},{"name":"11/18","value":"14484"},{"name":"11/19","value":"12979"},{"name":"11/2","value":"14572"},{"name":"11/20","value":"13615"},{"name":"11/21","value":"14603"},{"name":"11/22","value":"14546"},{"name":"11/23","value":"14686"},{"name":"11/24","value":"11489"},{"name":"11/25","value":"11208"},{"name":"11/26","value":"12491"},{"name":"11/27","value":"13814"},{"name":"11/28","value":"14573"},{"name":"11/29","value":"14656"},{"name":"11/3","value":"14606"},{"name":"11/30","value":"14662"},{"name":"11/4","value":"14368"},{"name":"11/5","value":"13035"},{"name":"11/6","value":"13765"},{"name":"11/7","value":"14670"},{"name":"11/8","value":"14638"},{"name":"11/9","value":"14557"},{"name":"12/1","value":"14562"},{"name":"12/10","value":"13235"},{"name":"12/11","value":"13718"},{"name":"12/12","value":"14466"},{"name":"12/13","value":"14490"},{"name":"12/14","value":"14505"},{"name":"12/15","value":"14440"},{"name":"12/16","value":"14427"},{"name":"12/17","value":"13218"},{"name":"12/18","value":"13785"},{"name":"12/19","value":"14522"},{"name":"12/2","value":"14691"},{"name":"12/20","value":"14411"},{"name":"12/21","value":"14538"},{"name":"12/22","value":"14491"},{"name":"12/23","value":"14661"},{"name":"12/24","value":"12774"},{"name":"12/25","value":"12760"},{"name":"12/26","value":"14172"},{"name":"12/27","value":"14256"},{"name":"12/28","value":"14143"},{"name":"12/29","value":"14319"},{"name":"12/3","value":"13337"},{"name":"12/30","value":"14402"},{"name":"12/31","value":"12977"},{"name":"12/4","value":"13928"},{"name":"12/5","value":"14731"},{"name":"12/6","value":"14713"},{"name":"12/7","value":"14699"},{"name":"12/8","value":"14551"},{"name":"12/9","value":"14532"},{"name":"2/1","value":"14395"},{"name":"2/10","value":"14404"},{"name":"2/11","value":"14499"},{"name":"2/12","value":"14232"},{"name":"2/13","value":"13002"},{"name":"2/14","value":"13553"},{"name":"2/15","value":"14420"},{"name":"2/16","value":"14606"},{"name":"2/17","value":"14753"},{"name":"2/18","value":"14516"},{"name":"2/19","value":"14435"},{"name":"2/2","value":"14432"},{"name":"2/20","value":"13098"},{"name":"2/21","value":"13898"},{"name":"2/22","value":"14694"},{"name":"2/23","value":"14650"},{"name":"2/24","value":"14754"},{"name":"2/25","value":"14800"},{"name":"2/26","value":"14782"},{"name":"2/27","value":"13248"},{"name":"2/28","value":"13990"},{"name":"2/29","value":"14867"},{"name":"2/3","value":"14326"},{"name":"2/4","value":"14332"},{"name":"2/5","value":"14286"},{"name":"2/6","value":"12928"},{"name":"2/7","value":"13664"},{"name":"2/8","value":"14456"},{"name":"2/9","value":"14559"},{"name":"3/1","value":"14725"},{"name":"3/10","value":"14556"},{"name":"3/11","value":"14633"},{"name":"3/12","value":"13153"},{"name":"3/13","value":"13722"},{"name":"3/14","value":"14683"},{"name":"3/15","value":"14629"},{"name":"3/16","value":"14670"},{"name":"3/17","value":"14552"},{"name":"3/18","value":"14565"},{"name":"3/19","value":"13263"},{"name":"3/2","value":"14633"},{"name":"3/20","value":"13862"},{"name":"3/21","value":"14683"},{"name":"3/22","value":"14734"},{"name":"3/23","value":"14613"},{"name":"3/24","value":"14427"},{"name":"3/25","value":"14572"},{"name":"3/26","value":"13202"},{"name":"3/27","value":"13936"},{"name":"3/28","value":"14775"},{"name":"3/29","value":"14648"},{"name":"3/3","value":"14507"},{"name":"3/30","value":"14794"},{"name":"3/31","value":"14761"},{"name":"3/4","value":"14576"},{"name":"3/5","value":"13161"},{"name":"3/6","value":"13968"},{"name":"3/7","value":"14736"},{"name":"3/8","value":"14742"},{"name":"3/9","value":"14599"},{"name":"4/1","value":"14650"},{"name":"4/10","value":"13964"},{"name":"4/11","value":"14672"},{"name":"4/12","value":"14800"},{"name":"4/13","value":"14638"},{"name":"4/14","value":"14564"},{"name":"4/15","value":"14587"},{"name":"4/16","value":"13151"},{"name":"4/17","value":"13761"},{"name":"4/18","value":"14429"},{"name":"4/19","value":"14376"},{"name":"4/2","value":"13204"},{"name":"4/20","value":"14407"},{"name":"4/21","value":"14379"},{"name":"4/22","value":"14403"},{"name":"4/23","value":"12951"},{"name":"4/24","value":"13742"},{"name":"4/25","value":"14528"},{"name":"4/26","value":"14494"},{"name":"4/27","value":"14512"},{"name":"4/28","value":"14566"},{"name":"4/29","value":"14551"},{"name":"4/3","value":"13959"},{"name":"4/30","value":"13118"},{"name":"4/4","value":"14720"},{"name":"4/5","value":"14829"},{"name":"4/6","value":"14636"},{"name":"4/7","value":"14719"},{"name":"4/8","value":"14659"},{"name":"4/9","value":"13356"},{"name":"5/1","value":"13670"},{"name":"5/10","value":"14518"},{"name":"5/11","value":"14533"},{"name":"5/12","value":"14538"},{"name":"5/13","value":"14591"},{"name":"5/14","value":"13149"},{"name":"5/15","value":"13767"},{"name":"5/16","value":"14434"},{"name":"5/17","value":"14474"},{"name":"5/18","value":"14468"},{"name":"5/19","value":"14409"},{"name":"5/2","value":"14388"},{"name":"5/20","value":"14398"},{"name":"5/21","value":"13156"},{"name":"5/22","value":"13739"},{"name":"5/23","value":"14468"},{"name":"5/24","value":"14457"},{"name":"5/25","value":"14506"},{"name":"5/26","value":"14563"},{"name":"5/27","value":"14618"},{"name":"5/28","value":"12499"},{"name":"5/29","value":"12344"},{"name":"5/3","value":"14426"},{"name":"5/30","value":"13919"},{"name":"5/31","value":"13126"},{"name":"5/4","value":"14485"},{"name":"5/5","value":"14406"},{"name":"5/6","value":"14512"},{"name":"5/7","value":"13163"},{"name":"5/8","value":"13726"},{"name":"5/9","value":"14466"},{"name":"6/1","value":"14557"},{"name":"6/10","value":"14584"},{"name":"6/11","value":"13439"},{"name":"6/12","value":"13980"},{"name":"6/13","value":"14706"},{"name":"6/14","value":"14659"},{"name":"6/15","value":"14607"},{"name":"6/16","value":"14556"},{"name":"6/17","value":"14587"},{"name":"6/18","value":"13424"},{"name":"6/19","value":"14003"},{"name":"6/2","value":"14578"},{"name":"6/20","value":"14677"},{"name":"6/21","value":"14695"},{"name":"6/22","value":"14576"},{"name":"6/23","value":"14614"},{"name":"6/24","value":"14756"},{"name":"6/25","value":"13507"},{"name":"6/26","value":"13962"},{"name":"6/27","value":"14761"},{"name":"6/28","value":"14621"},{"name":"6/29","value":"14617"},{"name":"6/3","value":"14651"},{"name":"6/30","value":"14558"},{"name":"6/4","value":"13328"},{"name":"6/5","value":"13911"},{"name":"6/6","value":"14614"},{"name":"6/7","value":"14695"},{"name":"6/8","value":"14572"},{"name":"6/9","value":"14504"},{"name":"7/1","value":"14597"},{"name":"7/10","value":"13954"},{"name":"7/11","value":"14690"},{"name":"7/12","value":"14626"},{"name":"7/13","value":"14761"},{"name":"7/14","value":"14648"},{"name":"7/15","value":"14677"},{"name":"7/16","value":"13426"},{"name":"7/17","value":"13905"},{"name":"7/18","value":"14599"},{"name":"7/19","value":"14690"},{"name":"7/2","value":"12827"},{"name":"7/20","value":"14585"},{"name":"7/21","value":"14636"},{"name":"7/22","value":"14607"},{"name":"7/23","value":"13472"},{"name":"7/24","value":"14066"},{"name":"7/25","value":"14659"},{"name":"7/26","value":"14693"},{"name":"7/27","value":"14668"},{"name":"7/28","value":"14632"},{"name":"7/29","value":"14596"},{"name":"7/3","value":"12140"},{"name":"7/30","value":"13404"},{"name":"7/31","value":"13973"},{"name":"7/4","value":"13526"},{"name":"7/5","value":"14600"},{"name":"7/6","value":"14666"},{"name":"7/7","value":"14661"},{"name":"7/8","value":"14632"},{"name":"7/9","value":"13502"},{"name":"8/1","value":"14630"},{"name":"8/10","value":"14614"},{"name":"8/11","value":"14538"},{"name":"8/12","value":"14630"},{"name":"8/13","value":"13407"},{"name":"8/14","value":"14010"},{"name":"8/15","value":"14663"},{"name":"8/16","value":"14748"},{"name":"8/17","value":"14582"},{"name":"8/18","value":"14573"},{"name":"8/19","value":"14610"},{"name":"8/2","value":"14590"},{"name":"8/20","value":"13464"},{"name":"8/21","value":"14075"},{"name":"8/22","value":"14773"},{"name":"8/23","value":"14679"},{"name":"8/24","value":"14713"},{"name":"8/25","value":"14721"},{"name":"8/26","value":"14685"},{"name":"8/27","value":"13544"},{"name":"8/28","value":"14061"},{"name":"8/29","value":"14684"},{"name":"8/3","value":"14620"},{"name":"8/30","value":"14712"},{"name":"8/31","value":"14627"},{"name":"8/4","value":"14477"},{"name":"8/5","value":"14608"},{"name":"8/6","value":"13425"},{"name":"8/7","value":"14021"},{"name":"8/8","value":"14625"},{"name":"8/9","value":"14660"},{"name":"9/1","value":"14587"},{"name":"9/10","value":"13240"},{"name":"9/11","value":"13780"},{"name":"9/12","value":"14438"},{"name":"9/13","value":"14600"},{"name":"9/14","value":"14497"},{"name":"9/15","value":"14585"},{"name":"9/16","value":"14437"},{"name":"9/17","value":"13128"},{"name":"9/18","value":"13623"},{"name":"9/19","value":"14455"},{"name":"9/2","value":"14583"},{"name":"9/20","value":"14565"},{"name":"9/21","value":"14646"},{"name":"9/22","value":"14545"},{"name":"9/23","value":"14551"},{"name":"9/24","value":"13122"},{"name":"9/25","value":"13840"},{"name":"9/26","value":"14705"},{"name":"9/27","value":"14597"},{"name":"9/28","value":"14607"},{"name":"9/29","value":"14465"},{"name":"9/3","value":"12331"},{"name":"9/30","value":"14344"},{"name":"9/4","value":"11763"},{"name":"9/5","value":"13583"},{"name":"9/6","value":"14489"},{"name":"9/7","value":"14644"},{"name":"9/8","value":"14667"},{"name":"9/9","value":"14658"}]