[{"name":"ABE","value":"4947"},{"name":"ABQ","value":"31480"},{"name":"ACV","value":"19"},{"name":"ACY","value":"447"},{"name":"AGS","value":"3218"},{"name":"ALB","value":"12448"},{"name":"ALO","value":"116"},{"name":"AMA","value":"7608"},{"name":"ANC","value":"13641"},{"name":"APF","value":"807"},{"name":"ATL","value":"259731"},{"name":"ATW","value":"1211"},{"name":"AUS","value":"28983"},{"name":"AVL","value":"2321"},{"name":"AVP","value":"2273"},{"name":"AZO","value":"4027"},{"name":"BDL","value":"31167"},{"name":"BET","value":"584"},{"name":"BFI","value":"1"},{"name":"BFL","value":"1281"},{"name":"BGM","value":"2161"},{"name":"BGR","value":"2131"},{"name":"BHM","value":"18585"},{"name":"BIL","value":"6240"},{"name":"BIS","value":"4113"},{"name":"BLI","value":"1045"},{"name":"BNA","value":"55696"},{"name":"BOI","value":"6623"},{"name":"BOS","value":"99921"},{"name":"BTM","value":"718"},{"name":"BTR","value":"8767"},{"name":"BTV","value":"6882"},{"name":"BUF","value":"27704"},{"name":"BUR","value":"23217"},{"name":"BWI","value":"67672"},{"name":"BZN","value":"3597"},{"name":"CAE","value":"10686"},{"name":"CAK","value":"4099"},{"name":"CCR","value":"1289"},{"name":"CDV","value":"663"},{"name":"CHA","value":"5185"},{"name":"CHO","value":"1822"},{"name":"CHS","value":"13973"},{"name":"CID","value":"5063"},{"name":"CLE","value":"59233"},{"name":"CLT","value":"101093"},{"name":"CMH","value":"26993"},{"name":"CMI","value":"2218"},{"name":"COS","value":"10508"},{"name":"CPR","value":"1391"},{"name":"CRP","value":"5539"},{"name":"CRW","value":"4641"},{"name":"CSG","value":"1034"},{"name":"CVG","value":"62273"},{"name":"CWA","value":"1698"},{"name":"DAB","value":"6375"},{"name":"DAL","value":"35638"},{"name":"DAY","value":"35562"},{"name":"DCA","value":"89277"},{"name":"DEN","value":"161146"},{"name":"DET","value":"2002"},{"name":"DFW","value":"216849"},{"name":"DLH","value":"1377"},{"name":"DRO","value":"706"},{"name":"DSM","value":"13524"},{"name":"DTW","value":"108114"},{"name":"EAU","value":"1348"},{"name":"ELM","value":"2764"},{"name":"ELP","value":"23878"},{"name":"ERI","value":"2285"},{"name":"EUG","value":"3594"},{"name":"EVV","value":"2594"},{"name":"EWR","value":"125333"},{"name":"EYW","value":"2230"},{"name":"FAI","value":"3603"},{"name":"FAR","value":"2916"},{"name":"FAT","value":"5638"},{"name":"FAY","value":"4268"},{"name":"FCA","value":"722"},{"name":"FLG","value":"2631"},{"name":"FLL","value":"39978"},{"name":"FNT","value":"1367"},{"name":"FSD","value":"5723"},{"name":"FWA","value":"4929"},{"name":"GCN","value":"1876"},{"name":"GEG","value":"10657"},{"name":"GFK","value":"1065"},{"name":"GJT","value":"2267"},{"name":"GNV","value":"2586"},{"name":"GPT","value":"1130"},{"name":"GRB","value":"2442"},{"name":"GRR","value":"10482"},{"name":"GSO","value":"21721"},{"name":"GSP","value":"9612"},{"name":"GST","value":"86"},{"name":"GTF","value":"3929"},{"name":"GUC","value":"153"},{"name":"GUM","value":"1733"},{"name":"HDN","value":"453"},{"name":"HLN","value":"1076"},{"name":"HNL","value":"15662"},{"name":"HOU","value":"56990"},{"name":"HPN","value":"2212"},{"name":"HRL","value":"6676"},{"name":"HSV","value":"6360"},{"name":"HTS","value":"2328"},{"name":"IAD","value":"50979"},{"name":"IAH","value":"85012"},{"name":"ICT","value":"11890"},{"name":"IDA","value":"2157"},{"name":"ILM","value":"3730"},{"name":"IND","value":"37399"},{"name":"ISO","value":"1439"},{"name":"ISP","value":"7570"},{"name":"ITH","value":"2370"},{"name":"JAC","value":"1684"},{"name":"JAN","value":"9769"},{"name":"JAX","value":"24305"},{"name":"JFK","value":"51485"},{"name":"JNU","value":"3349"},{"name":"KOA","value":"612"},{"name":"KTN","value":"2211"},{"name":"LAN","value":"3346"},{"name":"LAS","value":"72498"},{"name":"LAX","value":"169696"},{"name":"LBB","value":"9733"},{"name":"LEX","value":"8397"},{"name":"LFT","value":"1219"},{"name":"LGA","value":"114698"},{"name":"LGB","value":"8599"},{"name":"LIH","value":"571"},{"name":"LIT","value":"15084"},{"name":"LNK","value":"5312"},{"name":"LSE","value":"1725"},{"name":"LYH","value":"1502"},{"name":"MAF","value":"9253"},{"name":"MBS","value":"3529"},{"name":"MCI","value":"44876"},{"name":"MCO","value":"72723"},{"name":"MDT","value":"6683"},{"name":"MDW","value":"19447"},{"name":"MEM","value":"74380"},{"name":"MFE","value":"1689"},{"name":"MFR","value":"2178"},{"name":"MGM","value":"3622"},{"name":"MHT","value":"2800"},{"name":"MIA","value":"72661"},{"name":"MKE","value":"23148"},{"name":"MLB","value":"4812"},{"name":"MLI","value":"5510"},{"name":"MLU","value":"2540"},{"name":"MOB","value":"8067"},{"name":"MOT","value":"1886"},{"name":"MRY","value":"2518"},{"name":"MSN","value":"5526"},{"name":"MSO","value":"2665"},{"name":"MSP","value":"95265"},{"name":"MSY","value":"40943"},{"name":"MYR","value":"3803"},{"name":"OAJ","value":"1805"},{"name":"OAK","value":"28335"},{"name":"OGG","value":"3474"},{"name":"OKC","value":"25564"},{"name":"OMA","value":"18111"},{"name":"OME","value":"990"},{"name":"ONT","value":"34640"},{"name":"ORD","value":"271494"},{"name":"ORF","value":"27048"},{"name":"ORH","value":"2859"},{"name":"OTZ","value":"906"},{"name":"PBI","value":"25841"},{"name":"PDX","value":"39121"},{"name":"PFN","value":"710"},{"name":"PHF","value":"1071"},{"name":"PHL","value":"84069"},{"name":"PHX","value":"121444"},{"name":"PIA","value":"3203"},{"name":"PIE","value":"768"},{"name":"PIT","value":"118068"},{"name":"PNS","value":"7096"},{"name":"PSC","value":"1987"},{"name":"PSG","value":"664"},{"name":"PSP","value":"5092"},{"name":"PUB","value":"1342"},{"name":"PVD","value":"12678"},{"name":"PWM","value":"7264"},{"name":"RAP","value":"2775"},{"name":"RDD","value":"19"},{"name":"RDM","value":"697"},{"name":"RDU","value":"61264"},{"name":"RIC","value":"17751"},{"name":"RNO","value":"19472"},{"name":"ROA","value":"4767"},{"name":"ROC","value":"22910"},{"name":"ROP","value":"1"},{"name":"ROR","value":"368"},{"name":"RST","value":"2788"},{"name":"RSW","value":"17766"},{"name":"SAN","value":"61207"},{"name":"SAT","value":"33937"},{"name":"SAV","value":"10948"},{"name":"SBA","value":"3270"},{"name":"SBN","value":"2715"},{"name":"SCC","value":"557"},{"name":"SCK","value":"1423"},{"name":"SDF","value":"23719"},{"name":"SEA","value":"71281"},{"name":"SFO","value":"131614"},{"name":"SGF","value":"2411"},{"name":"SHV","value":"7572"},{"name":"SIT","value":"1371"},{"name":"SJC","value":"46274"},{"name":"SJU","value":"17230"},{"name":"SLC","value":"67710"},{"name":"SMF","value":"27494"},{"name":"SNA","value":"30257"},{"name":"SPN","value":"1166"},{"name":"SRQ","value":"11820"},{"name":"STL","value":"127429"},{"name":"STT","value":"3152"},{"name":"STX","value":"2580"},{"name":"SUX","value":"3389"},{"name":"SYR","value":"31937"},{"name":"TLH","value":"8706"},{"name":"TOL","value":"3720"},{"name":"TPA","value":"60204"},{"name":"TRI","value":"3205"},{"name":"TUL","value":"25423"},{"name":"TUS","value":"18389"},{"name":"TVL","value":"959"},{"name":"TYS","value":"9003"},{"name":"UCA","value":"1010"},{"name":"VPS","value":"1262"},{"name":"WRG","value":"666"},{"name":"YAK","value":"638"},{"name":"YAP","value":"235"},{"name":"YKM","value":"710"},{"name":"YUM","value":"1766"}]